"species","year","doy","lat","lon","elevation","temperature"
"Geum montanum",2007,175,47.27,14.36,1860,4.05000000000003
"Geum montanum",2019,127,34.05,-118.27,NA,15.6012195121952
"Geum montanum",1941,201,46.4,7.59,2295,0.150000000000032
"Geum montanum",1978,189,46.25,8.01,2182,1.29677419354842
"Geum montanum",1946,197,45.99,7.75,2605,0.230645161290356
"Geum montanum",1974,153,46.21,7.87,2126,3.71521739130438
"Geum montanum",1946,187,46.1,7.39,2004,3.26290322580649
"Geum montanum",1953,144,46.21,7.87,2078,3.46382113821142
"Geum montanum",1948,NA,46.12,7.93,1706,4.34354838709681
"Geum montanum",1948,184,46.1,7.93,2107,4.35645161290326
"Geum montanum",1979,154,46.29,7.78,1319,6.23369565217395
"Geum montanum",1957,207,46.02,7.43,2860,-1.63709677419351
"Geum montanum",2005,223,46.18,7.69,2081,1.67580645161293
"Geum montanum",1991,185,46.39,8.05,2305,6.27258064516133
"Geum montanum",1976,196,46.54,10.43,2503,0.508064516129064
"Geum montanum",1952,167,46,7.75,2239,3.57282608695656
"Geum montanum",2005,219,46.14,7.95,2347,2.72419354838713
"Geum montanum",1985,175,46.03,7.21,2120,4.20322580645165
"Geum montanum",1949,157,46.2,7.86,2047,4.13804347826091
"Geum montanum",1981,230,46.09,7.9,2451,-1.4596774193548
"Geum montanum",1982,180,46.11,7.64,2020,5.66290322580649
"Geum montanum",1982,182,46.14,7.59,2551,0.596774193548425
"Geum montanum",1950,221,46.08,7.95,2405,2.8677419354839
"Geum montanum",1982,181,46.15,7.64,NA,2.94838709677422
"Geum montanum",2005,214,46.02,7.73,2594,2.31451612903229
"Geum montanum",1948,149,46.1,7.9,2507,1.40000000000003
"Geum montanum",1985,175,46.03,7.21,2120,4.20322580645165
"Geum montanum",1945,203,46.09,7.94,2343,-0.645161290322547
"Geum montanum",2018,171,47.78,14.32,1880,5.77391304347829
"Geum montanum",1961,225,46.1,7.59,2500,-2.87741935483867
"Geum montanum",2018,132,47.21,15.07,1525,7.88478260869569
"Geum montanum",1988,176,46.64,9.53,1980,3.79565217391308
"Geum montanum",1955,179,47.73,15.71,NA,4.87934782608699
"Geum montanum",1955,179,47.73,15.71,1600,4.87934782608699
"Geum montanum",1998,182,46.88,10.71,2500,3.241935483871
"Geum montanum",1965,180,47.53,14.97,1400,5.56413043478264
"Geum montanum",2005,210,46.73,10.19,2050,1.80806451612907
"Geum montanum",2005,208,46.73,10.13,2690,-0.630645161290294
"Geum montanum",1960,130,46.85,9.27,1500,3.129674796748
"Geum montanum",1985,193,46.96,10.37,1940,3.03548387096778
"Geum montanum",1946,170,46.63,9.75,1362,8.28064516129036
"Geum montanum",2005,193,46.49,9.22,2260,0.927419354838745
"Geum montanum",1985,193,46.96,10.37,1940,3.03548387096778
"Geum montanum",1984,207,46.75,9.55,1675,3.1686991869919
"Geum montanum",1981,168,46.79,10.17,2200,0.853225806451645
"Geum montanum",2005,181,46.64,10.2,2150,2.8177419354839
"Geum montanum",1978,192,46.81,10.14,2230,0.983870967741973
"Geum montanum",1985,193,46.96,10.37,1940,3.03548387096778
"Geum montanum",1984,212,46.74,9.6,NA,-3.47520325203249
"Geum montanum",2005,178,46.66,10.13,2330,1.5661290322581
"Geum montanum",1964,163,46.6,9.4,1870,4.34430894308947
"Geum montanum",2005,190,46.61,8.69,2380,1.92741935483874
"Geum montanum",2005,229,46.64,9,2160,2.72419354838714
"Geum montanum",1986,167,46.45,9.58,2126,-0.736991869918667
"Geum montanum",1978,192,46.81,10.13,2230,-1.3338709677419
"Geum montanum",1970,177,46.64,10.31,2160,1.54674796747971
"Geum montanum",1980,NA,46.86,9.84,2300,-0.307723577235733
"Geum montanum",1979,187,46.55,10.43,NA,0.2684782608696
"Geum montanum",1945,195,46.58,9.84,2313,2.55161290322584
"Geum montanum",1973,201,46.54,10.43,2502,0.476829268292718
"Geum montanum",1980,186,46.79,9.91,1933,0.515853658536619
"Geum montanum",2005,192,46.48,9.15,2160,2.48548387096778
"Geum montanum",1977,183,46.82,9.85,1710,3.75406504065044
"Geum montanum",1985,193,46.96,10.37,1940,3.03548387096778
"Geum montanum",1945,194,46.58,9.78,1930,3.76451612903229
"Geum montanum",1959,175,46.87,9.24,2100,0.145934959349626
"Geum montanum",1986,166,46.74,9.38,1883,2.34349593495939
"Geum montanum",2011,183,46.75,8.83,2310,-0.893089430894272
"Trifolium alpinum",2006,219,46.25,8.04,2082,4.28821138211385
"Trifolium alpinum",1946,197,46.13,7.94,1866,7.041935483871
"Trifolium alpinum",1978,189,46.25,8.01,2182,1.29677419354842
"Trifolium alpinum",1952,204,46.03,7.97,2395,2.48586956521743
"Trifolium alpinum",1944,194,46,7.75,2395,2.28089430894312
"Trifolium alpinum",1981,192,46.25,8.03,1995,1.18387096774197
"Trifolium alpinum",1986,188,46.56,8.38,2038,1.80528455284556
"Trifolium alpinum",1948,161,46.11,7.93,1810,4.42903225806455
"Trifolium alpinum",1949,157,46.2,7.86,2047,4.13804347826091
"Trifolium alpinum",2012,185,46.02,7.47,2266,2.78658536585369
"Trifolium alpinum",1960,196,46.25,8.02,2095,0.821544715447192
"Trifolium alpinum",1986,188,46.56,8.38,2038,1.80528455284556
"Trifolium alpinum",1981,223,46.38,8.02,2049,0.987096774193584
"Trifolium alpinum",1982,180,46.11,7.64,2020,5.66290322580649
"Trifolium alpinum",1944,206,46.8,10.22,2206,1.26382113821141
"Trifolium alpinum",1946,198,46.24,7.99,2251,2.48387096774197
"Trifolium alpinum",1981,196,46.25,8.02,2038,0.414516129032295
"Trifolium alpinum",1950,179,46.22,7.6,1671,2.71451612903229
"Trifolium alpinum",1982,181,46.15,7.64,2265,2.94838709677422
"Trifolium alpinum",1948,152,46.11,7.93,1755,4.42903225806455
"Trifolium alpinum",1952,159,46.12,7.93,1960,5.67826086956525
"Trifolium alpinum",2018,222,46.86,12.36,2024,3.5989130434783
"Trifolium alpinum",2005,200,46.73,10.19,2100,1.80806451612907
"Trifolium alpinum",2005,190,46.62,8.69,2250,2.08870967741938
"Trifolium alpinum",1964,170,46.61,9.4,1830,4.229674796748
"Trifolium alpinum",2005,193,46.49,9.22,2270,0.927419354838745
"Trifolium alpinum",1945,135,46.78,9.91,NA,2.0161290322581
"Trifolium alpinum",1961,191,46.49,9.92,1500,-0.222580645161253
"Trifolium alpinum",1984,211,46.75,9.58,1885,0.70528455284556
"Trifolium alpinum",1983,184,46.55,9.23,1900,1.21885245901643
"Trifolium alpinum",2012,169,46.56,9.46,2130,2.65975609756101
"Trifolium alpinum",1982,185,46.65,9.2,NA,5.74838709677423
"Trifolium alpinum",1954,202,46.59,8.78,NA,-0.7963414634146
"Trifolium alpinum",2005,190,46.62,8.69,2250,2.08870967741938
"Trifolium alpinum",1973,201,46.54,10.43,NA,0.476829268292718
"Trifolium alpinum",2005,208,46.73,10.13,2600,-0.630645161290294
"Trifolium alpinum",1949,202,46.65,9.83,1860,2.71739130434786
"Trifolium alpinum",1949,196,46.81,10.24,2400,1.07717391304351
"Trifolium alpinum",2014,243,46.82,9.83,2150,0.154065040650444
"Trifolium alpinum",2005,203,46.54,9.05,2390,-0.643548387096735
"Trifolium alpinum",1981,236,46.63,8.67,NA,-2.29032258064513
"Trifolium alpinum",2005,228,46.62,9,2250,1.95000000000003
"Campanula cochleariifolia",2005,188,59.82,10.44,NA,12.591935483871
"Campanula cochleariifolia",2000,182,59.64,10.85,90,10.1304878048781
"Campanula cochleariifolia",2005,211,59.82,10.44,NA,12.591935483871
"Campanula cochleariifolia",2001,209,47.63,11.35,789,9.73780487804881
"Campanula cochleariifolia",1999,201,47.6,13.97,1870,5.13699186991873
"Campanula cochleariifolia",2001,197,47.65,14.7,590,10.9036585365854
"Campanula cochleariifolia",2001,211,47.75,15.55,1000,8.38983739837402
"Campanula cochleariifolia",2002,189,47.58,14,1180,7.9256097560976
"Campanula cochleariifolia",2008,159,47.52,13.94,765,9.26544715447158
"Campanula cochleariifolia",1953,200,47.6,13.99,1630,4.49471544715451
"Campanula cochleariifolia",1956,197,47.54,14.53,1320,4.63943089430898
"Campanula cochleariifolia",1954,217,47.53,14.54,1190,5.76382113821141
"Campanula cochleariifolia",1956,214,47.37,13.82,1329,5.73455284552848
"Campanula cochleariifolia",1977,219,47.61,14.29,890,6.08495934959353
"Campanula cochleariifolia",1985,179,47.58,14.52,620,11.2564516129033
"Campanula cochleariifolia",1971,203,47.45,15.65,900,9.89227642276426
"Campanula cochleariifolia",1977,210,47.31,14.38,1070,4.89634146341466
"Campanula cochleariifolia",1963,235,47.64,15.82,1200,8.50772357723581
"Campanula cochleariifolia",1962,231,47.73,15.42,1050,7.0686991869919
"Campanula cochleariifolia",1966,NA,47.6,15.19,1495,4.40121951219515
"Campanula cochleariifolia",2018,197,47.57,14.86,650,13.1195652173913
"Campanula cochleariifolia",2017,179,39.73,-104.96,1627,12.3516260162602
"Campanula cochleariifolia",1985,211,39.73,-104.96,1643,14.4887096774194
"Campanula cochleariifolia",1981,188,39.73,-104.96,1643,10.1467741935484
"Campanula cochleariifolia",1945,NA,46.1,7.93,2107,5.12903225806455
"Campanula cochleariifolia",1944,223,46.11,7.93,1801,4.46219512195125
"Campanula cochleariifolia",1981,225,46.35,7.68,2168,-0.606451612903193
"Campanula cochleariifolia",2014,202,46.03,7.48,1944,0.160569105691087
"Campanula cochleariifolia",1948,190,46.09,7.9,2280,0.403225806451647
"Campanula cochleariifolia",1944,208,46.12,7.51,2101,1.2126016260163
"Campanula cochleariifolia",1941,208,46.03,7.48,1985,3.07741935483875
"Campanula cochleariifolia",1946,184,46.18,8.07,1236,8.56290322580649
"Campanula cochleariifolia",1948,208,46.09,7.93,2229,-0.67903225806448
"Campanula cochleariifolia",1982,237,46.37,7.76,1206,7.49516129032261
"Campanula cochleariifolia",1976,195,46.64,10.29,2152,2.05000000000003
"Campanula cochleariifolia",1995,163,47.87,14.21,NA,11.529674796748
"Campanula cochleariifolia",2018,141,48.09,14.46,285,15.958695652174
"Campanula cochleariifolia",1984,210,47.8,13.05,NA,9.52642276422768
"Campanula cochleariifolia",1983,211,46.6,9.89,2511,-1.09390243902435
"Campanula cochleariifolia",1984,195,46.67,9.56,930,7.27764227642279
"Campanula cochleariifolia",1973,232,41.8,23.37,2664,1.48821138211385
"Campanula cochleariifolia",1973,232,41.8,23.37,2664,1.48821138211385
"Campanula cochleariifolia",1971,209,47.08,9.79,2000,3.41422764227646
"Campanula cochleariifolia",1974,227,47.83,13.62,NA,5.01739130434786
"Campanula cochleariifolia",1955,204,47.17,13.21,NA,4.42500000000003
"Campanula cochleariifolia",1961,182,48.27,13.12,NA,10.5677419354839
"Campanula cochleariifolia",1997,201,47.08,14.94,1590,4.79471544715451
"Campanula cochleariifolia",1999,204,47.56,13.82,780,9.85406504065044
"Campanula cochleariifolia",2006,228,47.17,9.3,1681,4.099593495935
"Campanula cochleariifolia",2006,228,47.16,9.3,2109,2.15325203252036
"Campanula cochleariifolia",2006,208,47.18,9.3,1415,5.57032520325207
"Campanula cochleariifolia",2006,228,47.16,9.3,2011,2.15325203252036
"Campanula cochleariifolia",2006,228,47.15,9.3,2273,0.35243902439028
"Campanula cochleariifolia",2006,228,47.16,9.3,2109,2.15325203252036
"Campanula cochleariifolia",2006,228,47.15,9.3,2273,0.35243902439028
"Campanula cochleariifolia",2006,228,47.16,9.3,2109,2.15325203252036
"Campanula cochleariifolia",2006,208,47.18,9.3,1415,5.57032520325207
"Campanula cochleariifolia",2006,190,47.17,9.3,1562,4.099593495935
"Campanula cochleariifolia",2006,228,47.17,9.3,1681,4.099593495935
"Campanula cochleariifolia",2006,208,47.18,9.3,1415,5.57032520325207
"Campanula cochleariifolia",2006,228,47.16,9.3,2011,2.15325203252036
"Campanula cochleariifolia",2006,228,47.16,9.3,1812,2.15325203252036
"Campanula cochleariifolia",2006,228,47.16,9.3,2011,2.15325203252036
"Campanula cochleariifolia",1944,188,47.39,9.65,NA,12.2727642276423
"Campanula cochleariifolia",1944,188,47.39,9.65,NA,12.2727642276423
"Campanula cochleariifolia",1944,188,47.39,9.65,NA,12.2727642276423
"Campanula cochleariifolia",2006,235,46.81,9.82,1985,2.25081300813012
"Campanula cochleariifolia",1979,188,46.59,10.41,1800,3.90869565217395
"Campanula cochleariifolia",1987,194,46.8,9.41,600,9.06300813008133
"Campanula cochleariifolia",2006,235,46.81,9.82,1978,2.25081300813012
"Campanula cochleariifolia",1984,199,46.76,8.88,1500,2.65975609756101
"Campanula cochleariifolia",2006,235,46.81,9.81,2199,0.902845528455317
"Campanula cochleariifolia",1959,183,46.85,9.27,1500,3.57520325203255
"Campanula cochleariifolia",1988,193,46.8,9.41,600,11.4706521739131
"Campanula cochleariifolia",1956,222,46.6,9.96,1727,3.33211382113824
"Campanula cochleariifolia",2006,235,46.81,9.82,1978,2.25081300813012
"Campanula cochleariifolia",2006,235,46.81,9.82,1806,2.25081300813012
"Campanula cochleariifolia",1945,180,46.67,9.69,1046,10.7290322580645
"Campanula cochleariifolia",1977,195,46.92,10.36,2070,-0.411788617886145
"Campanula cochleariifolia",1996,189,42.88,13.2,1550,6.67520325203255
"Campanula cochleariifolia",2013,200,47.56,11.48,790,9.53292682926833
"Aster alpinus",1980,228,52.26,93.1,570,9.01504065040654
"Aster alpinus",1961,200,53.35,57.78,NA,8.25000000000003
"Aster alpinus",1959,197,43.24,42.48,NA,-1.36951219512191
"Aster alpinus",1967,213,62.66,8.7,130,3.96219512195125
"Aster alpinus",1977,210,55.87,-86.77,NA,1.92154471544719
"Aster alpinus",1987,213,62.54,9.11,NA,5.75000000000003
"Aster alpinus",2013,198,60.41,-137.61,NA,5.67520325203255
"Aster alpinus",1973,176,68.73,-136.32,NA,2.83699186991873
"Aster alpinus",2014,205,47.76,15.84,1795,4.74024390243906
"Aster alpinus",1948,196,61.77,-138.62,NA,6.04838709677423
"Aster alpinus",1989,207,59.17,-125.83,NA,5.64430894308947
"Aster alpinus",1944,200,60.95,-138.42,NA,-4.67195121951216
"Aster alpinus",1998,207,39.83,-105.43,2585,8.00806451612906
"Aster alpinus",2001,189,39.83,-105.43,2591,5.65243902439028
"Aster alpinus",1981,145,39.73,-104.96,NA,10.1467741935484
"Aster alpinus",1971,177,60.5,59.94,NA,6.87926829268296
"Aster alpinus",2015,206,44.1,40.89,1150,9.18089430894312
"Aster alpinus",2015,176,43.78,42.21,2100,4.63780487804881
"Aster alpinus",1967,193,46.96,8.67,1930,2.83292682926832
"Aster alpinus",1950,155,46.25,7.88,701,9.77096774193551
"Aster alpinus",1949,213,46.02,7.77,2236,3.05760869565221
"Aster alpinus",1949,205,46.41,7.72,2657,-0.414130434782574
"Aster alpinus",1948,224,46.09,7.91,2101,1.42258064516132
"Aster alpinus",1945,197,46.11,7.92,1921,3.67580645161293
"Aster alpinus",1981,225,46.36,7.68,2297,-1.6322580645161
"Aster alpinus",1949,201,46.02,7.77,2236,3.05760869565221
"Aster alpinus",1982,181,46.15,7.64,2265,2.94838709677422
"Aster alpinus",1979,155,46.3,7.87,652,11.1684782608696
"Aster alpinus",1949,201,46.01,7.8,2557,0.760869565217425
"Aster alpinus",1975,204,46.37,7.97,2143,0.365447154471575
"Aster alpinus",1946,201,46.1,7.98,2200,2.14354838709681
"Aster alpinus",1978,192,46.19,8.09,1174,5.95000000000004
"Aster alpinus",1952,167,46.01,7.77,2103,3.88913043478264
"Aster alpinus",1946,184,46.09,7.4,1838,4.33548387096777
"Aster alpinus",2012,185,46.02,7.47,2266,2.78658536585369
"Aster alpinus",2014,203,46.03,7.48,2176,0.160569105691087
"Aster alpinus",1979,155,46.3,7.87,652,11.1684782608696
"Aster alpinus",1979,155,46.3,7.87,652,11.1684782608696
"Aster alpinus",1972,191,55.06,60.16,NA,7.64512195121954
"Aster alpinus",1990,158,54.18,59.66,NA,9.88495934959353
"Aster alpinus",1992,206,39.84,-105.65,3500,0.181707317073205
"Aster alpinus",1951,206,46.54,8.77,2500,-1.10365853658534
"Aster alpinus",2020,139,49.21,86.85,NA,5.32560975609759
"Aster alpinus",2013,203,39.49,-106.26,NA,-0.633739837398343
"Aster alpinus",2022,160,51.26,82.78,450,11.6743902439025
"Aster alpinus",2014,208,57.36,-123.86,1818,3.28252032520329
"Aster alpinus",2014,223,56.47,-88.14,NA,3.70691056910573
"Aster alpinus",1985,209,46.65,9.51,2100,2.9935483870968
"Aster alpinus",1974,196,65.4,-126.93,716,7.02065217391308
"Aster alpinus",1970,203,68.4,-138.33,610,1.23373983739841
"Aster alpinus",2015,207,42.18,23.33,2250,3.52886178861792
"Aster alpinus",1948,204,48.23,24.23,NA,4.73548387096778
"Aster alpinus",1978,211,48.23,24.23,NA,2.81935483870972
"Aster alpinus",1982,214,48.23,24.23,1790,4.80483870967745
"Aster alpinus",1961,207,47.96,24.47,NA,1.41451612903229
"Aster alpinus",1975,182,48.14,24.52,NA,4.94918699186995
"Aster alpinus",1985,202,50.07,86.32,1130,7.43870967741938
"Aster alpinus",1967,190,61.05,-138.37,792,4.41341463414638
"Aster alpinus",1959,188,46.85,9.21,2000,0.874390243902479
"Aster alpinus",1980,NA,46.86,9.84,2300,-0.307723577235733
"Aster alpinus",1995,175,46.73,10.1,NA,-0.490650406504031
"Aster alpinus",1997,211,46.72,10.16,2575,-2.40365853658533
"Aster alpinus",1945,210,46.76,9.51,2398,1.83225806451617
"Aster alpinus",1980,186,46.94,10.48,NA,4.65975609756101
"Aster alpinus",1947,175,46.45,9.97,NA,0.174390243902469
"Aster alpinus",1952,202,46.88,9.48,2200,3.45217391304351
"Aster alpinus",1980,186,46.94,10.48,NA,4.65975609756101
"Aster alpinus",1973,198,46.64,10.33,NA,2.68008130081304
"Aster alpinus",1952,199,46.43,10.04,2370,2.67826086956525
"Aster alpinus",1979,195,46.78,10.2,1630,5.06086956521742
"Aster alpinus",1951,231,46.98,10.37,NA,-0.621544715447117
"Aster alpinus",1951,199,46.4,9.65,1850,0.428861788617917
"Aster alpinus",1943,212,46.34,9.69,2700,-3.00203252032516
"Aster alpinus",1967,221,46.6,9.38,2300,-0.185772357723541
"Aster alpinus",1949,196,46.81,10.24,2400,1.07717391304351
"Aster alpinus",1980,186,46.94,10.48,NA,4.65975609756101
"Aster alpinus",1945,199,46.51,9.82,2430,2.55483870967745
"Aster alpinus",1951,231,46.98,10.37,NA,-0.621544715447117
"Aster alpinus",1979,193,46.58,10.39,1819,3.89130434782612
"Aster alpinus",1946,NA,46.55,9.89,NA,6.691935483871
"Aster alpinus",1968,233,46.61,9.36,2110,1.28739837398377
"Aster alpinus",1952,203,46.89,9.48,2280,2.38695652173916
"Aster alpinus",1989,227,46.52,9.83,2380,-0.406097560975573
"Aster alpinus",1979,195,46.78,10.2,1630,5.06086956521742
"Viola calcarata",1985,175,46.03,7.21,2120,4.20322580645165
"Viola calcarata",1973,164,45.91,7.09,2123,2.21504065040654
"Viola calcarata",1950,159,46.03,7.77,2196,2.10000000000003
"Viola calcarata",1949,157,46.21,7.87,2078,5.70652173913047
"Viola calcarata",1991,185,46.39,8.05,2305,6.27258064516133
"Viola calcarata",1983,208,46.57,8.39,2009,2.93130081300816
"Viola calcarata",1951,181,46.26,7.93,2108,1.38008130081304
"Viola calcarata",1951,195,45.87,7.17,2475,-1.75813008130078
"Viola calcarata",1951,181,46.25,7.94,2303,-0.0581300813007762
"Viola calcarata",1941,201,46.41,7.59,2701,-2.0838709677419
"Viola calcarata",1952,167,46,7.75,2251,3.57282608695656
"Viola calcarata",1985,175,46.03,7.21,2120,4.20322580645165
"Viola calcarata",1941,200,46.4,7.61,2212,1.47580645161294
"Viola calcarata",1951,192,46.09,7.9,2339,-1.50284552845525
"Viola calcarata",2012,168,46.39,8.06,2013,4.83130081300816
"Viola calcarata",1988,155,46.44,9.66,2000,3.33804347826091
"Viola calcarata",1984,199,46.44,14.18,1970,1.10853658536589
"Viola calcarata",1964,145,46.45,14.18,1650,3.59715447154475
"Viola calcarata",1978,164,46.8,9.69,1900,2.56451612903229
"Viola calcarata",1947,146,46.92,9.49,1980,2.84837398373987
"Viola calcarata",1991,211,46.59,9.84,2500,2.62741935483875
"Viola calcarata",1986,166,46.74,9.38,1883,2.34349593495939
"Viola calcarata",1945,195,46.58,9.85,NA,2.38870967741939
"Viola calcarata",1986,167,46.45,9.58,2126,-0.736991869918667
"Viola calcarata",1975,179,46.83,9.86,1670,2.48089430894312
"Homogyne alpina",1976,176,46.34,7.98,1049,9.2903225806452
"Homogyne alpina",1986,186,46.24,8.04,2351,-0.0223577235772
"Homogyne alpina",1982,181,46.15,7.64,2265,2.94838709677422
"Homogyne alpina",1967,193,46.96,8.67,1929,2.83292682926832
"Homogyne alpina",1946,197,46.13,7.95,2051,3.15645161290326
"Homogyne alpina",1950,179,46.22,7.6,1671,2.71451612903229
"Homogyne alpina",1946,197,46.13,7.95,2051,3.15645161290326
"Homogyne alpina",1982,180,46.11,7.64,2020,5.66290322580649
"Homogyne alpina",1982,182,46.14,7.59,2551,0.596774193548425
"Homogyne alpina",1973,161,46.2,7.85,1731,3.94186991869922
"Homogyne alpina",1971,171,46.79,10.19,2120,2.63699186991873
"Homogyne alpina",1948,162,46.1,7.93,2102,4.35645161290326
"Homogyne alpina",1978,189,46.25,8.01,2182,1.29677419354842
"Homogyne alpina",1981,230,46.09,7.9,2451,-1.4596774193548
"Homogyne alpina",1980,165,48.83,23,NA,4.41991869918702
"Homogyne alpina",1987,226,46.75,9.6,2700,-2.94756097560972
"Homogyne alpina",2016,173,42.43,2.13,2170,2.21504065040654
"Homogyne alpina",2010,176,47.53,13.5,935,8.82723577235776
"Homogyne alpina",2007,147,47.46,13.43,1700,5.93586956521743
"Homogyne alpina",1997,173,47.4,15.36,1560,4.71422764227646
"Homogyne alpina",1998,203,47.17,11.79,2050,5.42419354838713
"Homogyne alpina",1960,158,46.97,9.81,NA,3.99634146341467
"Homogyne alpina",1957,207,46.02,7.43,2860,-1.63709677419351
"Homogyne alpina",1969,173,46.5,9.9,NA,1.03048780487809
"Homogyne alpina",1948,201,46.64,10.29,NA,1.46451612903229
"Homogyne alpina",1962,213,46.65,9.75,NA,0.0516260162601944
"Homogyne alpina",1944,204,46.79,10.29,NA,7.10121951219516
"Homogyne alpina",1945,194,46.58,9.78,NA,3.76451612903229
"Homogyne alpina",1980,NA,46.86,9.84,2300,-0.307723577235733
"Homogyne alpina",1969,169,46.6,9.39,2070,0.0939024390244242
"Homogyne alpina",1975,179,46.83,9.86,1670,2.48089430894312
"Homogyne alpina",1984,217,46.75,9.6,2725,-3.33048780487802
"Homogyne alpina",1984,207,46.75,9.55,1675,3.1686991869919
"Homogyne alpina",2011,190,46.8,9.78,2425,-1.04186991869916
"Homogyne alpina",1974,191,46.94,10.36,NA,1.67065217391308
"Homogyne alpina",1953,196,46.45,9.55,2000,1.64430894308946
"Homogyne alpina",1979,187,46.75,9.95,2386,-1.38369565217388
"Homogyne alpina",1980,187,46.92,10.36,2157,-0.604471544715415
"Homogyne alpina",1982,191,46.94,10.31,2540,1.20483870967746
"Homogyne alpina",1966,173,46.6,9.4,1840,2.91178861788621
